{"indexes":[{"v":{"$numberInt":"2"},"key":{"_id":{"$numberInt":"1"}},"name":"_id_"},{"v":{"$numberInt":"2"},"key":{"mobile":{"$numberInt":"1"}},"name":"mobile_1","background":true,"unique":true},{"v":{"$numberInt":"2"},"key":{"is_active":{"$numberInt":"1"}},"name":"is_active_1","background":true},{"v":{"$numberInt":"2"},"key":{"mobile":{"$numberInt":"1"},"username":{"$numberInt":"1"},"password":{"$numberInt":"1"}},"name":"mobile_1_username_1_password_1","background":true}],"uuid":"ec66cf433b394b93b837b3196cb7ba86","collectionName":"masters","type":"collection"}