{"indexes":[{"v":{"$numberInt":"2"},"key":{"_id":{"$numberInt":"1"}},"name":"_id_"},{"v":{"$numberInt":"2"},"key":{"is_active":{"$numberInt":"1"}},"name":"is_active_1","background":true},{"v":{"$numberInt":"2"},"key":{"payDate":{"$numberInt":"1"},"payTime":{"$numberInt":"1"},"amount":{"$numberInt":"1"}},"name":"payDate_1_payTime_1_amount_1","background":true},{"v":{"$numberInt":"2"},"key":{"payDate":{"$numberInt":"1"},"payTime":{"$numberInt":"1"},"payAmount":{"$numberInt":"1"}},"name":"payDate_1_payTime_1_payAmount_1","background":true}],"uuid":"3db1ba215e3949f0a95eda527293d61b","collectionName":"payments","type":"collection"}