{"indexes":[{"v":{"$numberInt":"2"},"key":{"_id":{"$numberInt":"1"}},"name":"_id_"},{"v":{"$numberInt":"2"},"key":{"filename":{"$numberInt":"1"}},"name":"filename_1","background":true},{"v":{"$numberInt":"2"},"key":{"path":{"$numberInt":"1"}},"name":"path_1","background":true},{"v":{"$numberInt":"2"},"key":{"student_data_file":{"$numberInt":"1"}},"name":"student_data_file_1","background":true},{"v":{"$numberInt":"2"},"key":{"is_active":{"$numberInt":"1"}},"name":"is_active_1","background":true}],"uuid":"354984719da94d68a748cd941d082679","collectionName":"studentfiles","type":"collection"}