{"indexes":[{"v":{"$numberInt":"2"},"key":{"_id":{"$numberInt":"1"}},"name":"_id_"},{"v":{"$numberInt":"2"},"key":{"is_active":{"$numberInt":"1"}},"name":"is_active_1","background":true},{"v":{"$numberInt":"2"},"key":{"payDate":{"$numberInt":"1"},"payTime":{"$numberInt":"1"},"amount":{"$numberInt":"1"}},"name":"payDate_1_payTime_1_amount_1","background":true},{"v":{"$numberInt":"2"},"key":{"payDate":{"$numberInt":"1"},"payTime":{"$numberInt":"1"},"payAmount":{"$numberInt":"1"}},"name":"payDate_1_payTime_1_payAmount_1","background":true}],"uuid":"0ae73420f3ef4be0aa45fb7523c5db7b","collectionName":"payments","type":"collection"}